5332408077,,,Bozeman,MT,59715,795,,//bozeman.craigslist.org/apa/5332408077.html
5332384427,,,Bozeman,MT,59715,800,,//billings.craigslist.org/apa/5332384427.html
5311091140,,,Bozeman,MT,59715,1095,,//billings.craigslist.org/apa/5311091140.html
5312550469,,,Bozeman,MT,59715,750,,//billings.craigslist.org/apa/5312550469.html
5312557106,,,Bozeman,MT,59715,1025,,//billings.craigslist.org/apa/5312557106.html
5332402119,,,Bozeman,MT,59715,575,,//butte.craigslist.org/apa/5332402119.html
5332409006,,,Bozeman,MT,59715,895,,//missoula.craigslist.org/apa/5332409006.html
5298634238,,,Bozeman,MT,59715,670,,//missoula.craigslist.org/apa/5298634238.html
5332390804,,,Bozeman,MT,59715,625,,//billings.craigslist.org/apa/5332390804.html
5332410356,,,Bozeman,MT,59715,625,,//missoula.craigslist.org/apa/5332410356.html
5321558619,,,Bozeman,MT,59715,2000,,//missoula.craigslist.org/apa/5321558619.html
5322989326,,,Bozeman,MT,59715,800,,//missoula.craigslist.org/apa/5322989326.html
5332396604,,,Bozeman,MT,59715,1150,,//missoula.craigslist.org/apa/5332396604.html
5332413267,,,Bozeman,MT,59715,925,,//missoula.craigslist.org/apa/5332413267.html
5323522160,,,Bozeman,MT,59715,1250,,//helena.craigslist.org/apa/5323522160.html
5321470236,,,Bozeman,MT,59715,1600,,//missoula.craigslist.org/apa/5321470236.html
5332102435,,,Bozeman,MT,59715,750,,//missoula.craigslist.org/apa/5332102435.html
5332199793,,,Bozeman,MT,59715,1095,,//billings.craigslist.org/apa/5332199793.html
5332103223,,,Bozeman,MT,59715,820,,//billings.craigslist.org/apa/5332103223.html
5332139428,,,Bozeman,MT,59715,888,,//missoula.craigslist.org/apa/5332139428.html
5296874702,,,Bozeman,MT,59715,650,,//helena.craigslist.org/apa/5296874702.html
5332183708,,,Bozeman,MT,59715,400,,//helena.craigslist.org/apa/5332183708.html
5321806576,,,Bozeman,MT,59715,885,,//missoula.craigslist.org/apa/5321806576.html
5321797900,,,Bozeman,MT,59715,875,,//missoula.craigslist.org/apa/5321797900.html
5332116636,,,Bozeman,MT,59715,2000,,//billings.craigslist.org/apa/5332116636.html
5332105360,,,Bozeman,MT,59715,600,,//missoula.craigslist.org/apa/5332105360.html
5323387583,,,Bozeman,MT,59715,600,,//missoula.craigslist.org/apa/5323387583.html
5292632245,,,Bozeman,MT,59715,1200,,//missoula.craigslist.org/apa/5292632245.html
5320340661,,,Bozeman,MT,59715,675,,//greatfalls.craigslist.org/apa/5320340661.html
5321765844,,,Bozeman,MT,59715,525,,//helena.craigslist.org/apa/5321765844.html
5328641751,,,Bozeman,MT,59715,,,//greatfalls.craigslist.org/apa/5328641751.html
5297270095,,,Bozeman,MT,59715,575,,//billings.craigslist.org/apa/5297270095.html
5297210921,,,Bozeman,MT,59715,825,,//billings.craigslist.org/apa/5297210921.html
5314169570,,,Bozeman,MT,59715,675,,//billings.craigslist.org/apa/5314169570.html
5297230793,,,Bozeman,MT,59715,995,,//billings.craigslist.org/apa/5297230793.html
5332193298,,,Bozeman,MT,59715,859,,//missoula.craigslist.org/apa/5332193298.html
5297222492,,,Bozeman,MT,59715,895,,//billings.craigslist.org/apa/5297222492.html
5308144084,,,Bozeman,MT,59715,1200,,//helena.craigslist.org/apa/5308144084.html
5303756017,,,Bozeman,MT,59715,1250,,//bozeman.craigslist.org/apa/5303756017.html
5313972222,,,Bozeman,MT,59715,575,,//greatfalls.craigslist.org/apa/5313972222.html
5322202483,,,Bozeman,MT,59715,1400,,//helena.craigslist.org/apa/5322202483.html
5317421838,,,Bozeman,MT,59715,825,,//greatfalls.craigslist.org/apa/5317421838.html
5332045258,,,Bozeman,MT,59715,890,,//greatfalls.craigslist.org/apa/5332045258.html
5314546323,,,Bozeman,MT,59715,1500,,//bozeman.craigslist.org/apa/5314546323.html
5298821676,,,Bozeman,MT,59715,1675,,//bozeman.craigslist.org/apa/5298821676.html
5318984696,,,Bozeman,MT,59715,795,,//billings.craigslist.org/apa/5318984696.html
5332222563,,,Bozeman,MT,59715,600,,//butte.craigslist.org/apa/5332222563.html
5332234845,,,Bozeman,MT,59715,600,,//missoula.craigslist.org/apa/5332234845.html
5297190979,,,Bozeman,MT,59715,1295,,//billings.craigslist.org/apa/5297190979.html
5297242441,,,Bozeman,MT,59715,750,,//billings.craigslist.org/apa/5297242441.html
5309764548,,,Bozeman,MT,59715,725,,//billings.craigslist.org/apa/5309764548.html
5309750289,,,Bozeman,MT,59715,895,,//billings.craigslist.org/apa/5309750289.html
5332263895,,,Bozeman,MT,59715,675,,//missoula.craigslist.org/apa/5332263895.html
5332270736,,,Bozeman,MT,59715,850,,//helena.craigslist.org/apa/5332270736.html
5300566025,,,Bozeman,MT,59715,1125,,//bozeman.craigslist.org/apa/5300566025.html
5287215352,,,Bozeman,MT,59715,895,,//missoula.craigslist.org/apa/5287215352.html
5332292121,,,Bozeman,MT,59715,745,,//missoula.craigslist.org/apa/5332292121.html
5300738733,,,Bozeman,MT,59715,990,,//billings.craigslist.org/apa/5300738733.html
5332309222,,,Bozeman,MT,59715,1200,,//bozeman.craigslist.org/apa/5332309222.html
5323161694,,,Bozeman,MT,59715,1300,,//bozeman.craigslist.org/apa/5323161694.html
5329163299,,,Bozeman,MT,59715,980,,//billings.craigslist.org/apa/5329163299.html
5332224880,,,Bozeman,MT,59715,1150,,//bozeman.craigslist.org/apa/5332224880.html
5288150050,,,Bozeman,MT,59715,1395,,//bozeman.craigslist.org/apa/5288150050.html
5332129543,,,Bozeman,MT,59715,700,,//greatfalls.craigslist.org/apa/5332129543.html
5332210336,,,Bozeman,MT,59715,975,,//billings.craigslist.org/apa/5332210336.html
5325192863,,,Bozeman,MT,59715,795,,//greatfalls.craigslist.org/apa/5325192863.html
5325196709,,,Bozeman,MT,59715,695,,//greatfalls.craigslist.org/apa/5325196709.html
5332285393,,,Bozeman,MT,59715,,,//billings.craigslist.org/apa/5332285393.html
5332330488,,,Bozeman,MT,59715,845,,//helena.craigslist.org/apa/5332330488.html
5307471874,,,Bozeman,MT,59715,1150,,//bozeman.craigslist.org/apa/5307471874.html
5325180394,,,Bozeman,MT,59715,1095,,//greatfalls.craigslist.org/apa/5325180394.html
5323094596,,,Bozeman,MT,59715,1050,,//bozeman.craigslist.org/apa/5323094596.html
5332272567,,,Bozeman,MT,59715,905,,//butte.craigslist.org/apa/5332272567.html
5320273649,,,Bozeman,MT,59715,1325,,//bozeman.craigslist.org/apa/5320273649.html
5288147206,,,Bozeman,MT,59715,895,,//bozeman.craigslist.org/apa/5288147206.html
5290065158,,,Bozeman,MT,59715,895,,//greatfalls.craigslist.org/apa/5290065158.html
5290060735,,,Bozeman,MT,59715,895,,//greatfalls.craigslist.org/apa/5290060735.html
5290056368,,,Bozeman,MT,59715,1595,,//greatfalls.craigslist.org/apa/5290056368.html
5290096692,,,Bozeman,MT,59715,1395,,//greatfalls.craigslist.org/apa/5290096692.html
5299166404,,,Bozeman,MT,59715,1595,,//bozeman.craigslist.org/apa/5299166404.html
5332371505,,,Bozeman,MT,59715,450,,//billings.craigslist.org/apa/5332371505.html
5320025697,,,Bozeman,MT,59715,695,,//billings.craigslist.org/apa/5320025697.html
5316061558,,,Bozeman,MT,59715,525,,//greatfalls.craigslist.org/apa/5316061558.html
5332356858,,,Bozeman,MT,59715,675,,//missoula.craigslist.org/apa/5332356858.html
5310103579,,,Bozeman,MT,59715,2250,,//bozeman.craigslist.org/apa/5310103579.html
5300871830,,,Bozeman,MT,59715,875,,//billings.craigslist.org/apa/5300871830.html
5288109707,,,Bozeman,MT,59715,1495,,//greatfalls.craigslist.org/apa/5288109707.html
5290072271,,,Bozeman,MT,59715,1095,,//greatfalls.craigslist.org/apa/5290072271.html
5297569527,,,Bozeman,MT,59715,725,,//billings.craigslist.org/apa/5297569527.html
5300849784,,,Bozeman,MT,59715,2200,,//billings.craigslist.org/apa/5300849784.html
5320057659,,,Bozeman,MT,59715,625,,//billings.craigslist.org/apa/5320057659.html
5311098751,,,Bozeman,MT,59715,725,,//billings.craigslist.org/apa/5311098751.html
5300862892,,,Bozeman,MT,59715,1595,,//billings.craigslist.org/apa/5300862892.html
5288111231,,,Bozeman,MT,59715,1095,,//greatfalls.craigslist.org/apa/5288111231.html
5332374251,,,Bozeman,MT,59715,1325,,//helena.craigslist.org/apa/5332374251.html
5300841919,,,Bozeman,MT,59715,1495,,//billings.craigslist.org/apa/5300841919.html
5320048481,,,Bozeman,MT,59715,595,,//billings.craigslist.org/apa/5320048481.html
5332355501,,,Bozeman,MT,59715,1195,,//billings.craigslist.org/apa/5332355501.html
5311080022,,,Bozeman,MT,59715,895,,//billings.craigslist.org/apa/5311080022.html
5332335965,,,Bozeman,MT,59715,525,,//greatfalls.craigslist.org/apa/5332335965.html