5332208144,,,Dever,CO,80123,666,,//denver.craigslist.org/apa/5332208144.html
5332373711,,,Dever,CO,80123,1000,,//denver.craigslist.org/apa/5332373711.html
5332369954,,,Dever,CO,80123,1096,,//denver.craigslist.org/apa/5332369954.html
5332370124,,,Dever,CO,80123,1199,,//denver.craigslist.org/apa/5332370124.html
5332370327,,,Dever,CO,80123,1525,,//denver.craigslist.org/apa/5332370327.html
5319420920,,,Dever,CO,80123,2100,,//denver.craigslist.org/apa/5319420920.html
5332345733,,,Dever,CO,80123,1325,,//denver.craigslist.org/apa/5332345733.html
5332349501,,,Dever,CO,80123,1768,,//denver.craigslist.org/apa/5332349501.html
5291013575,,,Dever,CO,80123,1600,,//denver.craigslist.org/apa/5291013575.html
5332370731,,,Dever,CO,80123,1440,,//denver.craigslist.org/apa/5332370731.html
5332358487,,,Dever,CO,80123,1490,,//denver.craigslist.org/apa/5332358487.html
5332288193,,,Dever,CO,80123,1590,,//boulder.craigslist.org/apa/5332288193.html
5332369302,,,Dever,CO,80123,1325,,//denver.craigslist.org/apa/5332369302.html
5332328869,,,Dever,CO,80123,2036,,//denver.craigslist.org/apa/5332328869.html
5332368712,,,Dever,CO,80123,1815,,//denver.craigslist.org/apa/5332368712.html
5328734946,,,Dever,CO,80123,1075,,//denver.craigslist.org/apa/5328734946.html
5332326483,,,Dever,CO,80123,1459,,//denver.craigslist.org/apa/5332326483.html
5332348447,,,Dever,CO,80123,1355,,//denver.craigslist.org/apa/5332348447.html
5332369566,,,Dever,CO,80123,1480,,//denver.craigslist.org/apa/5332369566.html
5332352773,,,Dever,CO,80123,1617,,//denver.craigslist.org/apa/5332352773.html
5332328281,,,Dever,CO,80123,1535,,//denver.craigslist.org/apa/5332328281.html
5295674771,,,Dever,CO,80123,485,,//cosprings.craigslist.org/apa/5295674771.html
5295651512,,,Dever,CO,80123,485,,//cosprings.craigslist.org/apa/5295651512.html
5332329581,,,Dever,CO,80123,1046,,//denver.craigslist.org/apa/5332329581.html
5322502341,,,Dever,CO,80123,2450,,//denver.craigslist.org/apa/5322502341.html
5295642499,,,Dever,CO,80123,485,,//cosprings.craigslist.org/apa/5295642499.html
5332330098,,,Dever,CO,80123,760,,//cosprings.craigslist.org/apa/5332330098.html
5295653181,,,Dever,CO,80123,485,,//cosprings.craigslist.org/apa/5295653181.html
5332322078,,,Dever,CO,80123,1330,,//denver.craigslist.org/apa/5332322078.html
5332331894,,,Dever,CO,80123,1400,,//denver.craigslist.org/apa/5332331894.html
5297048866,,,Dever,CO,80123,,,//denver.craigslist.org/apa/5297048866.html
5332319980,,,Dever,CO,80123,1685,,//denver.craigslist.org/apa/5332319980.html
5332336661,,,Dever,CO,80123,1100,,//denver.craigslist.org/apa/5332336661.html
5321046729,,,Dever,CO,80123,1250,,//boulder.craigslist.org/apa/5321046729.html
5309120526,,,Dever,CO,80123,905,,//cosprings.craigslist.org/apa/5309120526.html
5329250670,,,Dever,CO,80123,1650,,//denver.craigslist.org/apa/5329250670.html
5332324824,,,Dever,CO,80123,,,//denver.craigslist.org/apa/5332324824.html
5308328870,,,Dever,CO,80123,1350,,//denver.craigslist.org/apa/5308328870.html
5295663353,,,Dever,CO,80123,485,,//cosprings.craigslist.org/apa/5295663353.html
5295650037,,,Dever,CO,80123,485,,//cosprings.craigslist.org/apa/5295650037.html
5332339968,,,Dever,CO,80123,1125,,//denver.craigslist.org/apa/5332339968.html
5332340379,,,Dever,CO,80123,1460,,//denver.craigslist.org/apa/5332340379.html
5332324112,,,Dever,CO,80123,1355,,//denver.craigslist.org/apa/5332324112.html
5332342883,,,Dever,CO,80123,1775,,//denver.craigslist.org/apa/5332342883.html
5332242904,,,Dever,CO,80123,2650,,//denver.craigslist.org/apa/5332242904.html
5332341151,,,Dever,CO,80123,1395,,//denver.craigslist.org/apa/5332341151.html
5332326133,,,Dever,CO,80123,995,,//cosprings.craigslist.org/apa/5332326133.html
5332335059,,,Dever,CO,80123,1355,,//denver.craigslist.org/apa/5332335059.html
5322203152,,,Dever,CO,80123,1850,,//denver.craigslist.org/apa/5322203152.html
5332336849,,,Dever,CO,80123,1660,,//denver.craigslist.org/apa/5332336849.html
5332342418,,,Dever,CO,80123,825,,//cosprings.craigslist.org/apa/5332342418.html
5332348039,,,Dever,CO,80123,900,,//denver.craigslist.org/apa/5332348039.html
5325181860,,,Dever,CO,80123,1378,,//denver.craigslist.org/apa/5325181860.html
5332344398,,,Dever,CO,80123,2300,,//denver.craigslist.org/apa/5332344398.html
5332344987,,,Dever,CO,80123,960,,//denver.craigslist.org/apa/5332344987.html
5332325228,,,Dever,CO,80123,2740,,//denver.craigslist.org/apa/5332325228.html
5332347868,,,Dever,CO,80123,2220,,//denver.craigslist.org/apa/5332347868.html
5332344334,,,Dever,CO,80123,1750,,//denver.craigslist.org/apa/5332344334.html
5332207749,,,Dever,CO,80123,675,,//denver.craigslist.org/apa/5332207749.html
5332348739,,,Dever,CO,80123,2189,,//denver.craigslist.org/apa/5332348739.html
5332349545,,,Dever,CO,80123,1127,,//denver.craigslist.org/apa/5332349545.html
5332352962,,,Dever,CO,80123,1390,,//denver.craigslist.org/apa/5332352962.html
5326137611,,,Dever,CO,80123,1105,,//cosprings.craigslist.org/apa/5326137611.html
5332352993,,,Dever,CO,80123,1040,,//denver.craigslist.org/apa/5332352993.html
5332341122,,,Dever,CO,80123,1050,,//denver.craigslist.org/apa/5332341122.html
5332346081,,,Dever,CO,80123,1518,,//boulder.craigslist.org/apa/5332346081.html
5332350597,,,Dever,CO,80123,1255,,//denver.craigslist.org/apa/5332350597.html
5332324231,,,Dever,CO,80123,1320,,//denver.craigslist.org/apa/5332324231.html
5332335874,,,Dever,CO,80123,1713,,//denver.craigslist.org/apa/5332335874.html
5294483324,,,Dever,CO,80123,1875,,//denver.craigslist.org/apa/5294483324.html
5332356385,,,Dever,CO,80123,1051,,//cosprings.craigslist.org/apa/5332356385.html
5332353596,,,Dever,CO,80123,750,,//denver.craigslist.org/apa/5332353596.html
5332355605,,,Dever,CO,80123,967,,//denver.craigslist.org/apa/5332355605.html
5332361843,,,Dever,CO,80123,1280,,//denver.craigslist.org/apa/5332361843.html
5332345850,,,Dever,CO,80123,1372,,//fortcollins.craigslist.org/apa/5332345850.html
5332358540,,,Dever,CO,80123,1179,,//boulder.craigslist.org/apa/5332358540.html
5332357713,,,Dever,CO,80123,1130,,//denver.craigslist.org/apa/5332357713.html
5332362346,,,Dever,CO,80123,1380,,//denver.craigslist.org/apa/5332362346.html
5332359842,,,Dever,CO,80123,1073,,//denver.craigslist.org/apa/5332359842.html
5332360771,,,Dever,CO,80123,1912,,//denver.craigslist.org/apa/5332360771.html
5332338435,,,Dever,CO,80123,,,//denver.craigslist.org/apa/5332338435.html
5332357957,,,Dever,CO,80123,1330,,//denver.craigslist.org/apa/5332357957.html
5332362843,,,Dever,CO,80123,1299,,//denver.craigslist.org/apa/5332362843.html
5332361491,,,Dever,CO,80123,995,,//fortcollins.craigslist.org/apa/5332361491.html
5332343772,,,Dever,CO,80123,1156,,//denver.craigslist.org/apa/5332343772.html
5332359581,,,Dever,CO,80123,970,,//cosprings.craigslist.org/apa/5332359581.html
5332363730,,,Dever,CO,80123,1309,,//cosprings.craigslist.org/apa/5332363730.html
5332364655,,,Dever,CO,80123,981,,//denver.craigslist.org/apa/5332364655.html
5332364279,,,Dever,CO,80123,1202,,//cosprings.craigslist.org/apa/5332364279.html
5332367431,,,Dever,CO,80123,1520,,//denver.craigslist.org/apa/5332367431.html
5311614621,,,Dever,CO,80123,1895,,//denver.craigslist.org/apa/5311614621.html
5332363468,,,Dever,CO,80123,934,,//cosprings.craigslist.org/apa/5332363468.html
5332367103,,,Dever,CO,80123,800,,//denver.craigslist.org/apa/5332367103.html
5311640064,,,Dever,CO,80123,1075,,//denver.craigslist.org/apa/5311640064.html
5293193815,,,Dever,CO,80123,1250,,//fortcollins.craigslist.org/apa/5293193815.html
5332332881,,,Dever,CO,80123,1700,,//cosprings.craigslist.org/apa/5332332881.html
5332349393,,,Dever,CO,80123,1076,,//denver.craigslist.org/apa/5332349393.html
5332329747,,,Dever,CO,80123,904,,//cosprings.craigslist.org/apa/5332329747.html
5295661517,,,Dever,CO,80123,485,,//cosprings.craigslist.org/apa/5295661517.html
5300391145,,,Dever,CO,80123,845,,//boulder.craigslist.org/apa/5300391145.html